"","First","Last","college_stats_link"
"1","rod","rutherford","https://www.sports-reference.com/cfb/players/rod-rutherford-1.html"
"2","ell","roberson","https://www.sports-reference.com/cfb/players/ell-roberson-1.html"
"3","scott","rislov","https://www.sports-reference.com/cfb/players/scott-rislov-1.html"
"4","jason","fife","https://www.sports-reference.com/cfb/players/jason-fife-1.html"
"5","casey","clausen","https://www.sports-reference.com/cfb/players/casey-clausen-1.html"
"6","b j","symons","https://www.sports-reference.com/cfb/players/bj-symons-1.html"
"7","craig","krenzel","https://www.sports-reference.com/cfb/players/craig-krenzel-1.html"
"8","jared","lorenzen","https://www.sports-reference.com/cfb/players/jared-lorenzen-1.html"
"9","j p","losman","https://www.sports-reference.com/cfb/players/jp-losman-1.html"
"10","eli","manning","https://www.sports-reference.com/cfb/players/eli-manning-1.html"
"11","matt","mauck","https://www.sports-reference.com/cfb/players/matt-mauck-1.html"
"12","luke","mccown","https://www.sports-reference.com/cfb/players/luke-mccown-1.html"
"13","john","navarre","https://www.sports-reference.com/cfb/players/john-navarre-1.html"
"14","cody","pickett","https://www.sports-reference.com/cfb/players/cody-pickett-1.html"
"15","jeff","smoker","https://www.sports-reference.com/cfb/players/jeff-smoker-1.html"
"16","josh","harris","https://www.sports-reference.com/cfb/players/josh-harris-2.html"
"17","philip","rivers","https://www.sports-reference.com/cfb/players/philip-rivers-1.html"
"18","ben","roethlisberger","https://www.sports-reference.com/cfb/players/ben-roethlisberger-1.html"
"19","matt","schaub","https://www.sports-reference.com/cfb/players/matt-schaub-1.html"
"20","bradlee","van","https://www.sports-reference.com/cfb/players/bradlee-van-pelt-1.html"
"21","josh","haldi","https://www.sports-reference.com/cfb/players/josh-haldi-1.html"
"22","gino","guidugli","https://www.sports-reference.com/cfb/players/gino-guidugli-1.html"
"23","timmy","chang","https://www.sports-reference.com/cfb/players/timmy-chang-1.html"
"24","jared","allen","https://www.sports-reference.com/cfb/players/jared-allen-1.html"
"25","bryan","randall","https://www.sports-reference.com/cfb/players/bryan-randall-1.html"
"26","chris","rix","https://www.sports-reference.com/cfb/players/chris-rix-1.html"
"27","jason","white","https://www.sports-reference.com/cfb/players/jason-white-1.html"
"28","derek","anderson","https://www.sports-reference.com/cfb/players/derek-anderson-1.html"
"29","brock","berlin","https://www.sports-reference.com/cfb/players/brock-berlin-1.html"
"30","jason","campbell","https://www.sports-reference.com/cfb/players/jason-campbell-1.html"
"31","stefan","lefors","https://www.sports-reference.com/cfb/players/stefan-lefors-1.html"
"32","charlie","frye","https://www.sports-reference.com/cfb/players/charlie-frye-1.html"
"33","dan","orlovsky","https://www.sports-reference.com/cfb/players/dan-orlovsky-1.html"
"34","kyle","orton","https://www.sports-reference.com/cfb/players/kyle-orton-1.html"
"35","aaron","rodgers","https://www.sports-reference.com/cfb/players/aaron-rodgers-1.html"
"36","david","greene","https://www.sports-reference.com/cfb/players/david-greene-1.html"
"37","alex","smith","https://www.sports-reference.com/cfb/players/alex-smith-3.html"
"38","andrew","walter","https://www.sports-reference.com/cfb/players/andrew-walter-1.html"
"39","quinton","porter","https://www.sports-reference.com/cfb/players/quinton-porter-1.html"
"40","paul","pinegar","https://www.sports-reference.com/cfb/players/paul-pinegar-1.html"
"41","drew","olson","https://www.sports-reference.com/cfb/players/drew-olson-1.html"
"42","darrell","hackney","https://www.sports-reference.com/cfb/players/darrell-hackney-1.html"
"43","kent","smith","https://www.sports-reference.com/cfb/players/kent-smith-1.html"
"44","d j","shockley","https://www.sports-reference.com/cfb/players/dj-shockley-1.html"
"45","brett","basanez","https://www.sports-reference.com/cfb/players/brett-basanez-1.html"
"46","kellen","clemens","https://www.sports-reference.com/cfb/players/kellen-clemens-1.html"
"47","brodie","croyle","https://www.sports-reference.com/cfb/players/brodie-croyle-1.html"
"48","jay","cutler","https://www.sports-reference.com/cfb/players/jay-cutler-1.html"
"49","bruce","gradkowski","https://www.sports-reference.com/cfb/players/bruce-gradkowski-1.html"
"50","tarvaris","jackson","https://www.sports-reference.com/cfb/players/tarvaris-jackson-1.html"
"51","matt","leinart","https://www.sports-reference.com/cfb/players/matt-leinart-1.html"
"52","reggie","mcneal","https://www.sports-reference.com/cfb/players/reggie-mcneal-1.html"
"53","omar","jacobs","https://www.sports-reference.com/cfb/players/omar-jacobs-1.html"
"54","marcus","vick","https://www.sports-reference.com/cfb/players/marcus-vick-1.html"
"55","charlie","whitehurst","https://www.sports-reference.com/cfb/players/charlie-whitehurst-1.html"
"56","vince","young","https://www.sports-reference.com/cfb/players/vince-young-1.html"
"57","james","pinkney","https://www.sports-reference.com/cfb/players/james-pinkney-1.html"
"58","chris","leak","https://www.sports-reference.com/cfb/players/chris-leak-1.html"
"59","luke","getsy","https://www.sports-reference.com/cfb/players/luke-getsy-1.html"
"60","john","stocco","https://www.sports-reference.com/cfb/players/john-stocco-1.html"
"61","zac","taylor","https://www.sports-reference.com/cfb/players/zac-taylor-1.html"
"62","jared","zabransky","https://www.sports-reference.com/cfb/players/jared-zabransky-1.html"
"63","john","beck","https://www.sports-reference.com/cfb/players/john-beck-1.html"
"64","trent","edwards","https://www.sports-reference.com/cfb/players/trent-edwards-1.html"
"65","matt","gutierrez","https://www.sports-reference.com/cfb/players/matt-gutierrez-1.html"
"66","kevin","kolb","https://www.sports-reference.com/cfb/players/kevin-kolb-1.html"
"67","tyler","palko","https://www.sports-reference.com/cfb/players/tyler-palko-1.html"
"68","jordan","palmer","https://www.sports-reference.com/cfb/players/jordan-palmer-1.html"
"69","brady","quinn","https://www.sports-reference.com/cfb/players/brady-quinn-1.html"
"70","jeff","rowe","https://www.sports-reference.com/cfb/players/jeff-rowe-1.html"
"71","jamarcus","russell","https://www.sports-reference.com/cfb/players/jamarcus-russell-1.html"
"72","troy","smith","https://www.sports-reference.com/cfb/players/troy-smith-1.html"
"73","drew","stanton","https://www.sports-reference.com/cfb/players/drew-stanton-1.html"
"74","isaiah","stanback","https://www.sports-reference.com/cfb/players/isaiah-stanback-1.html"
"75","t c","ostrander","https://www.sports-reference.com/cfb/players/tc-ostrander-1.html"
"76","bernard","morris","https://www.sports-reference.com/cfb/players/bernard-morris-1.html"
"77","anthony","morelli","https://www.sports-reference.com/cfb/players/anthony-morelli-1.html"
"78","sam","keller","https://www.sports-reference.com/cfb/players/sam-keller-1.html"
"79","paul","smith","https://www.sports-reference.com/cfb/players/paul-smith-2.html"
"80","adam","tafralis","https://www.sports-reference.com/cfb/players/adam-tafralis-1.html"
"81","kyle","wright","https://www.sports-reference.com/cfb/players/kyle-wright-1.html"
"82","erik","ainge","https://www.sports-reference.com/cfb/players/erik-ainge-1.html"
"83","john","david","https://www.sports-reference.com/cfb/players/john-david-booty-1.html"
"84","colt","brennan","https://www.sports-reference.com/cfb/players/colt-brennan-1.html"
"85","alex","brink","https://www.sports-reference.com/cfb/players/alex-brink-1.html"
"86","brian","brohm","https://www.sports-reference.com/cfb/players/brian-brohm-1.html"
"87","dennis","dixon","https://www.sports-reference.com/cfb/players/dennis-dixon-1.html"
"89","matt","flynn","https://www.sports-reference.com/cfb/players/matt-flynn-1.html"
"90","chad","henne","https://www.sports-reference.com/cfb/players/chad-henne-1.html"
"91","kevin","o'connell","https://www.sports-reference.com/cfb/players/kevin-oconnell-2.html"
"92","matt","ryan","https://www.sports-reference.com/cfb/players/matt-ryan-1.html"
"93","andre","woodson","https://www.sports-reference.com/cfb/players/andre-woodson-1.html"
"94","chase","holbrook","https://www.sports-reference.com/cfb/players/chase-holbrook-1.html"
"95","cullen","harper","https://www.sports-reference.com/cfb/players/cullen-harper-1.html"
"96","tom","brandstater","https://www.sports-reference.com/cfb/players/tom-brandstater-1.html"
"97","hunter","cantwell","https://www.sports-reference.com/cfb/players/hunter-cantwell-1.html"
"98","rudy","carpenter","https://www.sports-reference.com/cfb/players/rudy-carpenter-1.html"
"99","chase","daniel","https://www.sports-reference.com/cfb/players/chase-daniel-1.html"
"100","nate","davis","https://www.sports-reference.com/cfb/players/nate-davis-1.html"
"101","josh","freeman","https://www.sports-reference.com/cfb/players/josh-freeman-1.html"
"102","graham","harrell","https://www.sports-reference.com/cfb/players/graham-harrell-1.html"
"103","brian","hoyer","https://www.sports-reference.com/cfb/players/brian-hoyer-1.html"
"104","stephen","mcgee","https://www.sports-reference.com/cfb/players/stephen-mcgee-1.html"
"105","curtis","painter","https://www.sports-reference.com/cfb/players/curtis-painter-1.html"
"106","mark","sanchez","https://www.sports-reference.com/cfb/players/mark-sanchez-1.html"
"107","matthew","stafford","https://www.sports-reference.com/cfb/players/matthew-stafford-1.html"
"108","pat","white","https://www.sports-reference.com/cfb/players/pat-white-1.html"
"109","drew","willy","https://www.sports-reference.com/cfb/players/drew-willy-1.html"
"110","john","parker","https://www.sports-reference.com/cfb/players/john-parker-wilson-1.html"
"111","tim","hiller","https://www.sports-reference.com/cfb/players/tim-hiller-1.html"
"112","daryll","clark","https://www.sports-reference.com/cfb/players/daryll-clark-1.html"
"113","riley","skinner","https://www.sports-reference.com/cfb/players/riley-skinner-1.html"
"114","jevan","snead","https://www.sports-reference.com/cfb/players/jevan-snead-1.html"
"115","sam","bradford","https://www.sports-reference.com/cfb/players/sam-bradford-1.html"
"116","jarrett","brown","https://www.sports-reference.com/cfb/players/jarrett-brown-1.html"
"117","levi","brown","https://www.sports-reference.com/cfb/players/levi-brown-1.html"
"118","sean","canfield","https://www.sports-reference.com/cfb/players/sean-canfield-1.html"
"119","jimmy","clausen","https://www.sports-reference.com/cfb/players/jimmy-clausen-1.html"
"120","max","hall","https://www.sports-reference.com/cfb/players/max-hall-1.html"
"121","mike","kafka","https://www.sports-reference.com/cfb/players/mike-kafka-1.html"
"122","dan","lefevour","https://www.sports-reference.com/cfb/players/dan-lefevour-1.html"
"123","thaddeus","lewis","https://www.sports-reference.com/cfb/players/thaddeus-lewis-2.html"
"124","colt","mccoy","https://www.sports-reference.com/cfb/players/colt-mccoy-1.html"
"125","tony","pike","https://www.sports-reference.com/cfb/players/tony-pike-1.html"
"126","zac","robinson","https://www.sports-reference.com/cfb/players/zac-robinson-1.html"
"127","tim","tebow","https://www.sports-reference.com/cfb/players/tim-tebow-1.html"
"128","ryan","colburn","https://www.sports-reference.com/cfb/players/ryan-colburn-1.html"
"129","jeff","van","https://www.sports-reference.com/cfb/players/jeff-van-camp-1.html"
"130","andy","dalton","https://www.sports-reference.com/cfb/players/andy-dalton-1.html"
"131","nathan","enderle","https://www.sports-reference.com/cfb/players/nathan-enderle-1.html"
"132","blaine","gabbert","https://www.sports-reference.com/cfb/players/blaine-gabbert-1.html"
"133","jerrod","johnson","https://www.sports-reference.com/cfb/players/jerrod-johnson-1.html"
"134","colin","kaepernick","https://www.sports-reference.com/cfb/players/colin-kaepernick-1.html"
"135","jake","locker","https://www.sports-reference.com/cfb/players/jake-locker-1.html"
"136","ryan","mallett","https://www.sports-reference.com/cfb/players/ryan-mallett-1.html"
"137","greg","mcelroy","https://www.sports-reference.com/cfb/players/greg-mcelroy-1.html"
"138","cam","newton","https://www.sports-reference.com/cfb/players/cam-newton-1.html"
"139","christian","ponder","https://www.sports-reference.com/cfb/players/christian-ponder-1.html"
"140","ricky","stanzi","https://www.sports-reference.com/cfb/players/ricky-stanzi-1.html"
"141","tyrod","taylor","https://www.sports-reference.com/cfb/players/tyrod-taylor-1.html"
"142","scott","tolzien","https://www.sports-reference.com/cfb/players/scott-tolzien-1.html"
"143","t j","yates","https://www.sports-reference.com/cfb/players/tj-yates-1.html"
"144","jordan","jefferson","https://www.sports-reference.com/cfb/players/jordan-jefferson-1.html"
"145","jacory","harris","https://www.sports-reference.com/cfb/players/jacory-harris-1.html"
"146","darron","thomas","https://www.sports-reference.com/cfb/players/darron-thomas-1.html"
"147","kirk","cousins","https://www.sports-reference.com/cfb/players/kirk-cousins-1.html"
"148","austin","davis","https://www.sports-reference.com/cfb/players/austin-davis-1.html"
"149","nick","foles","https://www.sports-reference.com/cfb/players/nick-foles-1.html"
"150","robert","griffin","https://www.sports-reference.com/cfb/players/robert-griffin-iii-1.html"
"151","chandler","harnish","https://www.sports-reference.com/cfb/players/chandler-harnish-1.html"
"152","case","keenum","https://www.sports-reference.com/cfb/players/case-keenum-1.html"
"153","ryan","lindley","https://www.sports-reference.com/cfb/players/ryan-lindley-1.html"
"154","andrew","luck","https://www.sports-reference.com/cfb/players/andrew-luck-1.html"
"155","kellen","moore","https://www.sports-reference.com/cfb/players/kellen-moore-1.html"
"156","brock","osweiler","https://www.sports-reference.com/cfb/players/brock-osweiler-1.html"
"157","ryan","tannehill","https://www.sports-reference.com/cfb/players/ryan-tannehill-1.html"
"158","brandon","weeden","https://www.sports-reference.com/cfb/players/brandon-weeden-1.html"
"159","russell","wilson","https://www.sports-reference.com/cfb/players/russell-wilson-1.html"
"160","james","vandenberg","https://www.sports-reference.com/cfb/players/james-vandenberg-1.html"
"161","matt","barkley","https://www.sports-reference.com/cfb/players/matt-barkley-1.html"
"162","tyler","bray","https://www.sports-reference.com/cfb/players/tyler-bray-1.html"
"163","colby","cameron","https://www.sports-reference.com/cfb/players/colby-cameron-1.html"
"164","zac","dysert","https://www.sports-reference.com/cfb/players/zac-dysert-1.html"
"165","mike","glennon","https://www.sports-reference.com/cfb/players/mike-glennon-1.html"
"167","landry","jones","https://www.sports-reference.com/cfb/players/landry-jones-1.html"
"168","collin","klein","https://www.sports-reference.com/cfb/players/collin-klein-1.html"
"169","e j","manuel","https://www.sports-reference.com/cfb/players/ej-manuel-1.html"
"170","ryan","nassib","https://www.sports-reference.com/cfb/players/ryan-nassib-1.html"
"171","sean","renfree","https://www.sports-reference.com/cfb/players/sean-renfree-1.html"
"172","matt","scott","https://www.sports-reference.com/cfb/players/matt-scott-1.html"
"173","geno","smith","https://www.sports-reference.com/cfb/players/geno-smith-1.html"
"174","tyler","wilson","https://www.sports-reference.com/cfb/players/tyler-wilson-1.html"
"175","blake","bortles","https://www.sports-reference.com/cfb/players/blake-bortles-1.html"
"176","tajh","boyd","https://www.sports-reference.com/cfb/players/tajh-boyd-1.html"
"177","teddy","bridgewater","https://www.sports-reference.com/cfb/players/teddy-bridgewater-1.html"
"178","derek","carr","https://www.sports-reference.com/cfb/players/derek-carr-1.html"
"179","david","fales","https://www.sports-reference.com/cfb/players/david-fales-1.html"
"180","jordan","lynch","https://www.sports-reference.com/cfb/players/jordan-lynch-1.html"
"181","johnny","manziel","https://www.sports-reference.com/cfb/players/johnny-manziel-1.html"
"182","a j","mccarron","https://www.sports-reference.com/cfb/players/aj-mccarron-1.html"
"183","zach","mettenberger","https://www.sports-reference.com/cfb/players/zach-mettenberger-1.html"
"184","stephen","morris","https://www.sports-reference.com/cfb/players/stephen-morris-1.html"
"185","aaron","murray","https://www.sports-reference.com/cfb/players/aaron-murray-1.html"
"186","bryn","renner","https://www.sports-reference.com/cfb/players/bryn-renner-1.html"
"187","tom","savage","https://www.sports-reference.com/cfb/players/tom-savage-1.html"
"188","connor","shaw","https://www.sports-reference.com/cfb/players/connor-shaw-1.html"
"189","logan","thomas","https://www.sports-reference.com/cfb/players/logan-thomas-1.html"
"190","keith","wenning","https://www.sports-reference.com/cfb/players/keith-wenning-1.html"
"191","anthony","boone","https://www.sports-reference.com/cfb/players/anthony-boone-1.html"
"192","brandon","bridge","https://www.sports-reference.com/cfb/players/brandon-bridge-1.html"
"193","shane","carden","https://www.sports-reference.com/cfb/players/shane-carden-1.html"
"194","cody","fajardo","https://www.sports-reference.com/cfb/players/cody-fajardo-1.html"
"195","garrett","grayson","https://www.sports-reference.com/cfb/players/garrett-grayson-1.html"
"196","connor","halliday","https://www.sports-reference.com/cfb/players/connor-halliday-1.html"
"197","brett","hundley","https://www.sports-reference.com/cfb/players/brett-hundley-1.html"
"198","sean","mannion","https://www.sports-reference.com/cfb/players/sean-mannion-1.html"
"199","marcus","mariota","https://www.sports-reference.com/cfb/players/marcus-mariota-1.html"
"200","bryce","petty","https://www.sports-reference.com/cfb/players/bryce-petty-1.html"
"201","blake","sims","https://www.sports-reference.com/cfb/players/blake-sims-2.html"
"202","jameis","winston","https://www.sports-reference.com/cfb/players/jameis-winston-1.html"
"203","vernon","adams","https://www.sports-reference.com/cfb/players/vernon-adams-1.html"
"204","brandon","allen","https://www.sports-reference.com/cfb/players/brandon-allen-2.html"
"205","trevone","boykin","https://www.sports-reference.com/cfb/players/trevone-boykin-1.html"
"206","jacoby","brissett","https://www.sports-reference.com/cfb/players/jacoby-brissett-2.html"
"207","connor","cook","https://www.sports-reference.com/cfb/players/connor-cook-1.html"
"208","brandon","doughty","https://www.sports-reference.com/cfb/players/brandon-doughty-1.html"
"209","jeff","driskel","https://www.sports-reference.com/cfb/players/jeff-driskel-1.html"
"210","jared","goff","https://www.sports-reference.com/cfb/players/jared-goff-1.html"
"211","christian","hackenberg","https://www.sports-reference.com/cfb/players/christian-hackenberg-1.html"
"212","kevin","hogan","https://www.sports-reference.com/cfb/players/kevin-hogan-2.html"
"213","cardale","jones","https://www.sports-reference.com/cfb/players/cardale-jones-1.html"
"214","cody","kessler","https://www.sports-reference.com/cfb/players/cody-kessler-1.html"
"215","paxton","lynch","https://www.sports-reference.com/cfb/players/paxton-lynch-1.html"
"216","dak","prescott","https://www.sports-reference.com/cfb/players/dak-prescott-1.html"
"217","joel","stave","https://www.sports-reference.com/cfb/players/joel-stave-1.html"
"218","nate","sudfeld","https://www.sports-reference.com/cfb/players/nate-sudfeld-1.html"
"219","c j","beathard","https://www.sports-reference.com/cfb/players/cj-beathard-1.html"
"220","joshua","dobbs","https://www.sports-reference.com/cfb/players/joshua-dobbs-1.html"
"221","jerod","evans","https://www.sports-reference.com/cfb/players/jerod-evans-1.html"
"222","brad","kaaya","https://www.sports-reference.com/cfb/players/brad-kaaya-1.html"
"223","deshone","kizer","https://www.sports-reference.com/cfb/players/deshone-kizer-1.html"
"224","trevor","knight","https://www.sports-reference.com/cfb/players/trevor-knight-1.html"
"225","mitch","leidner","https://www.sports-reference.com/cfb/players/mitch-leidner-1.html"
"226","sefo","liufau","https://www.sports-reference.com/cfb/players/sefo-liufau-1.html"
"227","patrick","mahomes","https://www.sports-reference.com/cfb/players/patrick-mahomes-1.html"
"228","nathan","peterman","https://www.sports-reference.com/cfb/players/nathan-peterman-1.html"
"229","cooper","rush","https://www.sports-reference.com/cfb/players/cooper-rush-1.html"
"230","seth","russell","https://www.sports-reference.com/cfb/players/seth-russell-1.html"
"231","mitchell","trubisky","https://www.sports-reference.com/cfb/players/mitch-trubisky-1.html"
"232","deshaun","watson","https://www.sports-reference.com/cfb/players/deshaun-watson-1.html"
"233","davis","webb","https://www.sports-reference.com/cfb/players/davis-webb-1.html"
"234","austin","allen","https://www.sports-reference.com/cfb/players/austin-allen-1.html"
"235","quinton","flowers","https://www.sports-reference.com/cfb/players/quinton-flowers-1.html"
"236","nic","shimonek","https://www.sports-reference.com/cfb/players/nic-shimonek-1.html"
"237","josh","allen","https://www.sports-reference.com/cfb/players/josh-allen-7.html"
"238","j t","barrett","https://www.sports-reference.com/cfb/players/jt-barrett-1.html"
"239","kurt","benkert","https://www.sports-reference.com/cfb/players/kurt-benkert-1.html"
"240","sam","darnold","https://www.sports-reference.com/cfb/players/sam-darnold-1.html"
"241","danny","etling","https://www.sports-reference.com/cfb/players/danny-etling-1.html"
"242","luke","falk","https://www.sports-reference.com/cfb/players/luke-falk-1.html"
"243","riley","ferguson","https://www.sports-reference.com/cfb/players/riley-ferguson-1.html"
"244","lamar","jackson","https://www.sports-reference.com/cfb/players/lamar-jackson-1.html"
"245","tanner","lee","https://www.sports-reference.com/cfb/players/tanner-lee-1.html"
"246","chase","litton","https://www.sports-reference.com/cfb/players/chase-litton-1.html"
"247","baker","mayfield","https://www.sports-reference.com/cfb/players/baker-mayfield-1.html"
"248","josh","rosen","https://www.sports-reference.com/cfb/players/josh-rosen-1.html"
"249","mason","rudolph","https://www.sports-reference.com/cfb/players/mason-rudolph-1.html"
"250","logan","woodside","https://www.sports-reference.com/cfb/players/logan-woodside-1.html"
"251","jake","browning","https://www.sports-reference.com/cfb/players/jake-browning-1.html"
"252","ryan","finley","https://www.sports-reference.com/cfb/players/ryan-finley-1.html"
"253","nick","fitzgerald","https://www.sports-reference.com/cfb/players/nick-fitzgerald-2.html"
"254","will","grier","https://www.sports-reference.com/cfb/players/will-grier-1.html"
"255","dwayne","haskins","https://www.sports-reference.com/cfb/players/dwayne-haskins-1.html"
"256","tyree","jackson","https://www.sports-reference.com/cfb/players/tyree-jackson-1.html"
"257","daniel","jones","https://www.sports-reference.com/cfb/players/daniel-jones-4.html"
"258","drew","lock","https://www.sports-reference.com/cfb/players/drew-lock-1.html"
"259","trace","mcsorley","https://www.sports-reference.com/cfb/players/trace-mcsorley-1.html"
"260","gardner","minshew","https://www.sports-reference.com/cfb/players/gardner-minshew-1.html"
"261","kyler","murray","https://www.sports-reference.com/cfb/players/kyler-murray-1.html"
"262","brett","rypien","https://www.sports-reference.com/cfb/players/brett-rypien-1.html"
"263","kyle","shurmur","https://www.sports-reference.com/cfb/players/kyle-shurmur-1.html"
"264","jarrett","stidham","https://www.sports-reference.com/cfb/players/jarrett-stidham-1.html"
"265","jordan","ta'amu","https://www.sports-reference.com/cfb/players/jordan-taamu-1.html"
"266","clayton","thorson","https://www.sports-reference.com/cfb/players/clayton-thorson-1.html"
"267","kelly","bryant","https://www.sports-reference.com/cfb/players/kelly-bryant-1.html"
"268","joe","burrow","https://www.sports-reference.com/cfb/players/joe-burrow-1.html"
"269","jacob","eason","https://www.sports-reference.com/cfb/players/jacob-eason-1.html"
"270","jake","fromm","https://www.sports-reference.com/cfb/players/jake-fromm-1.html"
"271","anthony","gordon","https://www.sports-reference.com/cfb/players/anthony-gordon-2.html"
"272","justin","herbert","https://www.sports-reference.com/cfb/players/justin-herbert-1.html"
"273","jalen","hurts","https://www.sports-reference.com/cfb/players/jalen-hurts-1.html"
"274","brian","lewerke","https://www.sports-reference.com/cfb/players/brian-lewerke-1.html"
"275","jordan","love","https://www.sports-reference.com/cfb/players/jordan-love-2.html"
"276","jake","luton","https://www.sports-reference.com/cfb/players/jake-luton-1.html"
"277","cole","mcdonald","https://www.sports-reference.com/cfb/players/cole-mcdonald-1.html"
"278","steven","montez","https://www.sports-reference.com/cfb/players/steven-montez-1.html"
"279","james","morgan","https://www.sports-reference.com/cfb/players/james-morgan-1.html"
"280","shea","patterson","https://www.sports-reference.com/cfb/players/shea-patterson-1.html"
"281","nate","stanley","https://www.sports-reference.com/cfb/players/nathan-stanley-2.html"
"282","tua","tagovailoa","https://www.sports-reference.com/cfb/players/tua-tagovailoa-1.html"
"283","david","moore","https://www.sports-reference.com/cfb/players/david-moore-5.html"
"284","ian","book","https://www.sports-reference.com/cfb/players/ian-book-1.html"
"285","sam","ehlinger","https://www.sports-reference.com/cfb/players/sam-ehlinger-1.html"
"286","justin","fields","https://www.sports-reference.com/cfb/players/justin-fields-2.html"
"287","feleipe","franks","https://www.sports-reference.com/cfb/players/feleipe-franks-1.html"
"288","mac","jones","https://www.sports-reference.com/cfb/players/mac-jones-1.html"
"289","trey","lance","https://www.sports-reference.com/cfb/players/trey-lance-1.html"
"290","trevor","lawrence","https://www.sports-reference.com/cfb/players/trevor-lawrence-1.html"
"291","davis","mills","https://www.sports-reference.com/cfb/players/davis-mills-1.html"
"292","jamie","newman","https://www.sports-reference.com/cfb/players/jamie-newman-1.html"
"293","peyton","ramsey","https://www.sports-reference.com/cfb/players/peyton-ramsey-1.html"
"294","zach","smith","https://www.sports-reference.com/cfb/players/zach-smith-6.html"
"295","kevin","thomson","https://www.sports-reference.com/cfb/players/kevin-thomson-1.html"
"296","zac","thomas","https://www.sports-reference.com/cfb/players/zac-thomas-2.html"
"297","kyle","trask","https://www.sports-reference.com/cfb/players/kyle-trask-1.html"
"298","jack","coan","https://www.sports-reference.com/cfb/players/jack-coan-1.html"
"299","matt","corral","https://www.sports-reference.com/cfb/players/matt-corral-1.html"
"300","dustin","crum","https://www.sports-reference.com/cfb/players/dustin-crum-1.html"
"301","kaleb","eleby","https://www.sports-reference.com/cfb/players/kaleb-eleby-1.html"
"302","sam","howell","https://www.sports-reference.com/cfb/players/sam-howell-1.html"
"303","d'eriq","king","https://www.sports-reference.com/cfb/players/deriq-king-1.html"
"304","kenny","pickett","https://www.sports-reference.com/cfb/players/kenny-pickett-1.html"
"305","brock","purdy","https://www.sports-reference.com/cfb/players/brock-purdy-1.html"
"306","desmond","ridder","https://www.sports-reference.com/cfb/players/desmond-ridder-1.html"
"307","carson","strong","https://www.sports-reference.com/cfb/players/carson-strong-1.html"
"308","skylar","thompson","https://www.sports-reference.com/cfb/players/skylar-thompson-1.html"
"309","malik","willis","https://www.sports-reference.com/cfb/players/malik-willis-1.html"
"310","bailey","zappe","https://www.sports-reference.com/cfb/players/bailey-zappe-1.html"
